{"Vishv": {"username": "Vishv", "account_no": "12345", "password": "123", "balance": 80000}, "Hem": {"username": "Hem", "account_no": "67890", "password": "456", "balance": 30000}, "Shreya": {"username": "Shreya", "account_no": "54321", "password": "789", "balance": 50000}, "Chirayu": {"username": "Chirayu", "account_no": "98765", "password": "012", "balance": 20000}, "Preet": {"username": "Preet", "account_no": "11223", "password": "345", "balance": 35000}, "Chiyaru": {"username": "Chiyaru", "account_no": "98765", "password": "012", "balance": 20000}}